country_name,country_code,indicator_code,indicator_name,year,value
Bangladesh,BGD,NV.AGR.TOTL.ZS,agriculture_pct_gdp,2000,22.7181480755923
Bangladesh,BGD,NV.AGR.TOTL.ZS,agriculture_pct_gdp,2001,21.8483405815259
Bangladesh,BGD,NV.AGR.TOTL.ZS,agriculture_pct_gdp,2002,20.5841344226366
Bangladesh,BGD,NV.AGR.TOTL.ZS,agriculture_pct_gdp,2003,19.8127182977042
Bangladesh,BGD,NV.AGR.TOTL.ZS,agriculture_pct_gdp,2004,19.2669595662859
Bangladesh,BGD,NV.AGR.TOTL.ZS,agriculture_pct_gdp,2005,18.5710395455964
Bangladesh,BGD,NV.AGR.TOTL.ZS,agriculture_pct_gdp,2006,18.0340165108542
Bangladesh,BGD,NV.AGR.TOTL.ZS,agriculture_pct_gdp,2007,17.8065367823955
Bangladesh,BGD,NV.AGR.TOTL.ZS,agriculture_pct_gdp,2008,17.5956955421992
Bangladesh,BGD,NV.AGR.TOTL.ZS,agriculture_pct_gdp,2009,17.1046290519632
Bangladesh,BGD,NV.AGR.TOTL.ZS,agriculture_pct_gdp,2010,17.0011812592919
Bangladesh,BGD,NV.AGR.TOTL.ZS,agriculture_pct_gdp,2011,16.8099867573503
Bangladesh,BGD,NV.AGR.TOTL.ZS,agriculture_pct_gdp,2012,16.1775631732753
Bangladesh,BGD,NV.AGR.TOTL.ZS,agriculture_pct_gdp,2013,15.4932779975908
Bangladesh,BGD,NV.AGR.TOTL.ZS,agriculture_pct_gdp,2014,15.3516208986344
Bangladesh,BGD,NV.AGR.TOTL.ZS,agriculture_pct_gdp,2015,14.7829964369364
Bangladesh,BGD,NV.AGR.TOTL.ZS,agriculture_pct_gdp,2016,13.4647923176039
Bangladesh,BGD,NV.AGR.TOTL.ZS,agriculture_pct_gdp,2017,12.9572760433733
Bangladesh,BGD,NV.AGR.TOTL.ZS,agriculture_pct_gdp,2018,12.4800771856196
Bangladesh,BGD,NV.AGR.TOTL.ZS,agriculture_pct_gdp,2019,11.9753231358984
Bangladesh,BGD,NV.AGR.TOTL.ZS,agriculture_pct_gdp,2020,11.9996868602485
Bangladesh,BGD,NV.AGR.TOTL.ZS,agriculture_pct_gdp,2021,11.6328584271282
Bangladesh,BGD,NV.AGR.TOTL.ZS,agriculture_pct_gdp,2022,11.2176010351595
Bangladesh,BGD,NV.AGR.TOTL.ZS,agriculture_pct_gdp,2023,11.0036900209598
Bangladesh,BGD,NY.GDP.MKTP.KD.ZG,gdp_growth,2000,5.29329471892532
Bangladesh,BGD,NY.GDP.MKTP.KD.ZG,gdp_growth,2001,5.07728777526728
Bangladesh,BGD,NY.GDP.MKTP.KD.ZG,gdp_growth,2002,3.83312393993225
Bangladesh,BGD,NY.GDP.MKTP.KD.ZG,gdp_growth,2003,4.73956739963045
Bangladesh,BGD,NY.GDP.MKTP.KD.ZG,gdp_growth,2004,5.23953291029852
Bangladesh,BGD,NY.GDP.MKTP.KD.ZG,gdp_growth,2005,6.53594493875502
Bangladesh,BGD,NY.GDP.MKTP.KD.ZG,gdp_growth,2006,6.67190498576788
Bangladesh,BGD,NY.GDP.MKTP.KD.ZG,gdp_growth,2007,7.05859935449848
Bangladesh,BGD,NY.GDP.MKTP.KD.ZG,gdp_growth,2008,6.01378975738535
Bangladesh,BGD,NY.GDP.MKTP.KD.ZG,gdp_growth,2009,5.04512479919337
Bangladesh,BGD,NY.GDP.MKTP.KD.ZG,gdp_growth,2010,5.57178818533122
Bangladesh,BGD,NY.GDP.MKTP.KD.ZG,gdp_growth,2011,6.46437912497728
Bangladesh,BGD,NY.GDP.MKTP.KD.ZG,gdp_growth,2012,6.52145877906443
Bangladesh,BGD,NY.GDP.MKTP.KD.ZG,gdp_growth,2013,6.01360565834344
Bangladesh,BGD,NY.GDP.MKTP.KD.ZG,gdp_growth,2014,6.0610593588495
Bangladesh,BGD,NY.GDP.MKTP.KD.ZG,gdp_growth,2015,6.55263987816197
Bangladesh,BGD,NY.GDP.MKTP.KD.ZG,gdp_growth,2016,7.11347821270093
Bangladesh,BGD,NY.GDP.MKTP.KD.ZG,gdp_growth,2017,6.59024999794057
Bangladesh,BGD,NY.GDP.MKTP.KD.ZG,gdp_growth,2018,7.31941263014136
Bangladesh,BGD,NY.GDP.MKTP.KD.ZG,gdp_growth,2019,7.88191515117722
Bangladesh,BGD,NY.GDP.MKTP.KD.ZG,gdp_growth,2020,3.44801755122445
Bangladesh,BGD,NY.GDP.MKTP.KD.ZG,gdp_growth,2021,6.93867912442445
Bangladesh,BGD,NY.GDP.MKTP.KD.ZG,gdp_growth,2022,7.09982877575158
Bangladesh,BGD,NY.GDP.MKTP.KD.ZG,gdp_growth,2023,5.77511237007889
Bangladesh,BGD,NY.GDP.PCAP.KD,gdp_per_capita,2000,620.560472822105
Bangladesh,BGD,NY.GDP.PCAP.KD,gdp_per_capita,2001,641.288922876274
Bangladesh,BGD,NY.GDP.PCAP.KD,gdp_per_capita,2002,655.672139362272
Bangladesh,BGD,NY.GDP.PCAP.KD,gdp_per_capita,2003,676.826252046427
Bangladesh,BGD,NY.GDP.PCAP.KD,gdp_per_capita,2004,702.656357081873
Bangladesh,BGD,NY.GDP.PCAP.KD,gdp_per_capita,2005,739.203718353409
Bangladesh,BGD,NY.GDP.PCAP.KD,gdp_per_capita,2006,779.419570444998
Bangladesh,BGD,NY.GDP.PCAP.KD,gdp_per_capita,2007,825.508229964537
Bangladesh,BGD,NY.GDP.PCAP.KD,gdp_per_capita,2008,866.45815762135
Bangladesh,BGD,NY.GDP.PCAP.KD,gdp_per_capita,2009,901.729626251937
Bangladesh,BGD,NY.GDP.PCAP.KD,gdp_per_capita,2010,943.66422864236
Bangladesh,BGD,NY.GDP.PCAP.KD,gdp_per_capita,2011,995.579947155662
Bangladesh,BGD,NY.GDP.PCAP.KD,gdp_per_capita,2012,1050.39140404066
Bangladesh,BGD,NY.GDP.PCAP.KD,gdp_per_capita,2013,1103.15695907123
Bangladesh,BGD,NY.GDP.PCAP.KD,gdp_per_capita,2014,1159.40753475981
Bangladesh,BGD,NY.GDP.PCAP.KD,gdp_per_capita,2015,1224.38647668165
Bangladesh,BGD,NY.GDP.PCAP.KD,gdp_per_capita,2016,1299.83091360792
Bangladesh,BGD,NY.GDP.PCAP.KD,gdp_per_capita,2017,1373.75363740186
Bangladesh,BGD,NY.GDP.PCAP.KD,gdp_per_capita,2018,1462.25050255713
Bangladesh,BGD,NY.GDP.PCAP.KD,gdp_per_capita,2019,1564.20802445636
Bangladesh,BGD,NY.GDP.PCAP.KD,gdp_per_capita,2020,1604.6659234742
Bangladesh,BGD,NY.GDP.PCAP.KD,gdp_per_capita,2021,1702.08028414189
Bangladesh,BGD,NY.GDP.PCAP.KD,gdp_per_capita,2022,1804.3493461776
Bangladesh,BGD,NY.GDP.PCAP.KD,gdp_per_capita,2023,1885.37733613545
Bangladesh,BGD,NV.IND.TOTL.ZS,industry_pct_gdp,2000,22.2793826819325
Bangladesh,BGD,NV.IND.TOTL.ZS,industry_pct_gdp,2001,22.5838118742213
Bangladesh,BGD,NV.IND.TOTL.ZS,industry_pct_gdp,2002,22.8392543728467
Bangladesh,BGD,NV.IND.TOTL.ZS,industry_pct_gdp,2003,22.4741487860882
Bangladesh,BGD,NV.IND.TOTL.ZS,industry_pct_gdp,2004,22.7797200060528
Bangladesh,BGD,NV.IND.TOTL.ZS,industry_pct_gdp,2005,23.2998442190711
Bangladesh,BGD,NV.IND.TOTL.ZS,industry_pct_gdp,2006,24.0953205119221
Bangladesh,BGD,NV.IND.TOTL.ZS,industry_pct_gdp,2007,24.5005410079343
Bangladesh,BGD,NV.IND.TOTL.ZS,industry_pct_gdp,2008,24.7270013036793
Bangladesh,BGD,NV.IND.TOTL.ZS,industry_pct_gdp,2009,25.2955721814431
Bangladesh,BGD,NV.IND.TOTL.ZS,industry_pct_gdp,2010,24.9564767264585
Bangladesh,BGD,NV.IND.TOTL.ZS,industry_pct_gdp,2011,25.0452996007551
Bangladesh,BGD,NV.IND.TOTL.ZS,industry_pct_gdp,2012,25.3099593902625
Bangladesh,BGD,NV.IND.TOTL.ZS,industry_pct_gdp,2013,26.3070701636507
Bangladesh,BGD,NV.IND.TOTL.ZS,industry_pct_gdp,2014,26.3110467833576
Bangladesh,BGD,NV.IND.TOTL.ZS,industry_pct_gdp,2015,26.8313948329541
Bangladesh,BGD,NV.IND.TOTL.ZS,industry_pct_gdp,2016,31.0691513830358
Bangladesh,BGD,NV.IND.TOTL.ZS,industry_pct_gdp,2017,31.2482919641603
Bangladesh,BGD,NV.IND.TOTL.ZS,industry_pct_gdp,2018,31.9828135899766
Bangladesh,BGD,NV.IND.TOTL.ZS,industry_pct_gdp,2019,32.8525491977868
Bangladesh,BGD,NV.IND.TOTL.ZS,industry_pct_gdp,2020,32.9115650824449
Bangladesh,BGD,NV.IND.TOTL.ZS,industry_pct_gdp,2021,33.3160943869001
Bangladesh,BGD,NV.IND.TOTL.ZS,industry_pct_gdp,2022,33.9200804971876
Bangladesh,BGD,NV.IND.TOTL.ZS,industry_pct_gdp,2023,34.5942721606063
Bangladesh,BGD,SP.POP.TOTL,population,2000,134544304.0
Bangladesh,BGD,SP.POP.TOTL,population,2001,136805810.0
Bangladesh,BGD,SP.POP.TOTL,population,2002,138933658.0
Bangladesh,BGD,SP.POP.TOTL,population,2003,140970351.0
Bangladesh,BGD,SP.POP.TOTL,population,2004,142902856.0
Bangladesh,BGD,SP.POP.TOTL,population,2005,144715786.0
Bangladesh,BGD,SP.POP.TOTL,population,2006,146405973.0
Bangladesh,BGD,SP.POP.TOTL,population,2007,147989278.0
Bangladesh,BGD,SP.POP.TOTL,population,2008,149474264.0
Bangladesh,BGD,SP.POP.TOTL,population,2009,150873714.0
Bangladesh,BGD,SP.POP.TOTL,population,2010,152201981.0
Bangladesh,BGD,SP.POP.TOTL,population,2011,153591076.0
Bangladesh,BGD,SP.POP.TOTL,population,2012,155070101.0
Bangladesh,BGD,SP.POP.TOTL,population,2013,156532141.0
Bangladesh,BGD,SP.POP.TOTL,population,2014,157964929.0
Bangladesh,BGD,SP.POP.TOTL,population,2015,159383179.0
Bangladesh,BGD,SP.POP.TOTL,population,2016,160811932.0
Bangladesh,BGD,SP.POP.TOTL,population,2017,162186147.0
Bangladesh,BGD,SP.POP.TOTL,population,2018,163523103.0
Bangladesh,BGD,SP.POP.TOTL,population,2019,164913055.0
Bangladesh,BGD,SP.POP.TOTL,population,2020,166298024.0
Bangladesh,BGD,SP.POP.TOTL,population,2021,167658854.0
Bangladesh,BGD,SP.POP.TOTL,population,2022,169384897.0
Bangladesh,BGD,SP.POP.TOTL,population,2023,171466990.0
Bangladesh,BGD,SL.UEM.TOTL.ZS,unemployment_rate,2000,3.27
Bangladesh,BGD,SL.UEM.TOTL.ZS,unemployment_rate,2001,3.61
Bangladesh,BGD,SL.UEM.TOTL.ZS,unemployment_rate,2002,3.966
Bangladesh,BGD,SL.UEM.TOTL.ZS,unemployment_rate,2003,4.32
Bangladesh,BGD,SL.UEM.TOTL.ZS,unemployment_rate,2004,4.314
Bangladesh,BGD,SL.UEM.TOTL.ZS,unemployment_rate,2005,4.25
Bangladesh,BGD,SL.UEM.TOTL.ZS,unemployment_rate,2006,3.591
Bangladesh,BGD,SL.UEM.TOTL.ZS,unemployment_rate,2007,4.017
Bangladesh,BGD,SL.UEM.TOTL.ZS,unemployment_rate,2008,4.492
Bangladesh,BGD,SL.UEM.TOTL.ZS,unemployment_rate,2009,5.0
Bangladesh,BGD,SL.UEM.TOTL.ZS,unemployment_rate,2010,3.379
Bangladesh,BGD,SL.UEM.TOTL.ZS,unemployment_rate,2011,3.736
Bangladesh,BGD,SL.UEM.TOTL.ZS,unemployment_rate,2012,4.071
Bangladesh,BGD,SL.UEM.TOTL.ZS,unemployment_rate,2013,4.426
Bangladesh,BGD,SL.UEM.TOTL.ZS,unemployment_rate,2014,4.416
Bangladesh,BGD,SL.UEM.TOTL.ZS,unemployment_rate,2015,4.396
Bangladesh,BGD,SL.UEM.TOTL.ZS,unemployment_rate,2016,4.35
Bangladesh,BGD,SL.UEM.TOTL.ZS,unemployment_rate,2017,4.372
Bangladesh,BGD,SL.UEM.TOTL.ZS,unemployment_rate,2018,4.407
Bangladesh,BGD,SL.UEM.TOTL.ZS,unemployment_rate,2019,4.441
Bangladesh,BGD,SL.UEM.TOTL.ZS,unemployment_rate,2020,5.436
Bangladesh,BGD,SL.UEM.TOTL.ZS,unemployment_rate,2021,5.327
Bangladesh,BGD,SL.UEM.TOTL.ZS,unemployment_rate,2022,4.593
Bangladesh,BGD,SL.UEM.TOTL.ZS,unemployment_rate,2023,4.454
Bangladesh,BGD,CALC_GDP_PER_CAPITA_YOY,gdp_per_capita_yoy_growth_pct,2001,3.3402788224494495
Bangladesh,BGD,CALC_GDP_PER_CAPITA_YOY,gdp_per_capita_yoy_growth_pct,2002,2.242860584818329
Bangladesh,BGD,CALC_GDP_PER_CAPITA_YOY,gdp_per_capita_yoy_growth_pct,2003,3.2263247763936187
Bangladesh,BGD,CALC_GDP_PER_CAPITA_YOY,gdp_per_capita_yoy_growth_pct,2004,3.816356850424607
Bangladesh,BGD,CALC_GDP_PER_CAPITA_YOY,gdp_per_capita_yoy_growth_pct,2005,5.201313686724052
Bangladesh,BGD,CALC_GDP_PER_CAPITA_YOY,gdp_per_capita_yoy_growth_pct,2006,5.4404288145588175
Bangladesh,BGD,CALC_GDP_PER_CAPITA_YOY,gdp_per_capita_yoy_growth_pct,2007,5.913202755895042
Bangladesh,BGD,CALC_GDP_PER_CAPITA_YOY,gdp_per_capita_yoy_growth_pct,2008,4.96057170242532
Bangladesh,BGD,CALC_GDP_PER_CAPITA_YOY,gdp_per_capita_yoy_growth_pct,2009,4.070764216406753
Bangladesh,BGD,CALC_GDP_PER_CAPITA_YOY,gdp_per_capita_yoy_growth_pct,2010,4.6504629735550695
Bangladesh,BGD,CALC_GDP_PER_CAPITA_YOY,gdp_per_capita_yoy_growth_pct,2011,5.501503282369047
Bangladesh,BGD,CALC_GDP_PER_CAPITA_YOY,gdp_per_capita_yoy_growth_pct,2012,5.505480201925783
Bangladesh,BGD,CALC_GDP_PER_CAPITA_YOY,gdp_per_capita_yoy_growth_pct,2013,5.023418396950952
Bangladesh,BGD,CALC_GDP_PER_CAPITA_YOY,gdp_per_capita_yoy_growth_pct,2014,5.099054601979636
Bangladesh,BGD,CALC_GDP_PER_CAPITA_YOY,gdp_per_capita_yoy_growth_pct,2015,5.604495397323905
Bangladesh,BGD,CALC_GDP_PER_CAPITA_YOY,gdp_per_capita_yoy_growth_pct,2016,6.161815600147791
Bangladesh,BGD,CALC_GDP_PER_CAPITA_YOY,gdp_per_capita_yoy_growth_pct,2017,5.687103070102717
Bangladesh,BGD,CALC_GDP_PER_CAPITA_YOY,gdp_per_capita_yoy_growth_pct,2018,6.441974947024809
Bangladesh,BGD,CALC_GDP_PER_CAPITA_YOY,gdp_per_capita_yoy_growth_pct,2019,6.972643997791783
Bangladesh,BGD,CALC_GDP_PER_CAPITA_YOY,gdp_per_capita_yoy_growth_pct,2020,2.5864781656456115
Bangladesh,BGD,CALC_GDP_PER_CAPITA_YOY,gdp_per_capita_yoy_growth_pct,2021,6.0706941702096895
Bangladesh,BGD,CALC_GDP_PER_CAPITA_YOY,gdp_per_capita_yoy_growth_pct,2022,6.0084746288727064
Bangladesh,BGD,CALC_GDP_PER_CAPITA_YOY,gdp_per_capita_yoy_growth_pct,2023,4.490704093944031
Bangladesh,BGD,CALC_POPULATION_YOY,population_yoy_growth_pct,2001,1.6808634277077905
Bangladesh,BGD,CALC_POPULATION_YOY,population_yoy_growth_pct,2002,1.5553783863419213
Bangladesh,BGD,CALC_POPULATION_YOY,population_yoy_growth_pct,2003,1.4659464303459213
Bangladesh,BGD,CALC_POPULATION_YOY,population_yoy_growth_pct,2004,1.370859181587769
Bangladesh,BGD,CALC_POPULATION_YOY,population_yoy_growth_pct,2005,1.2686450437351615
Bangladesh,BGD,CALC_POPULATION_YOY,population_yoy_growth_pct,2006,1.1679354731901848
Bangladesh,BGD,CALC_POPULATION_YOY,population_yoy_growth_pct,2007,1.081448364131976
Bangladesh,BGD,CALC_POPULATION_YOY,population_yoy_growth_pct,2008,1.0034416141958546
Bangladesh,BGD,CALC_POPULATION_YOY,population_yoy_growth_pct,2009,0.9362481289755697
Bangladesh,BGD,CALC_POPULATION_YOY,population_yoy_growth_pct,2010,0.8803833118338877
Bangladesh,BGD,CALC_POPULATION_YOY,population_yoy_growth_pct,2011,0.9126655191169952
Bangladesh,BGD,CALC_POPULATION_YOY,population_yoy_growth_pct,2012,0.962962848180049
Bangladesh,BGD,CALC_POPULATION_YOY,population_yoy_growth_pct,2013,0.9428252065174059
Bangladesh,BGD,CALC_POPULATION_YOY,population_yoy_growth_pct,2014,0.9153315037069509
Bangladesh,BGD,CALC_POPULATION_YOY,population_yoy_growth_pct,2015,0.8978258712096787
Bangladesh,BGD,CALC_POPULATION_YOY,population_yoy_growth_pct,2016,0.8964264666850408
Bangladesh,BGD,CALC_POPULATION_YOY,population_yoy_growth_pct,2017,0.854547907552039
Bangladesh,BGD,CALC_POPULATION_YOY,population_yoy_growth_pct,2018,0.8243342756024674
Bangladesh,BGD,CALC_POPULATION_YOY,population_yoy_growth_pct,2019,0.850003439575131
Bangladesh,BGD,CALC_POPULATION_YOY,population_yoy_growth_pct,2020,0.8398176845368699
Bangladesh,BGD,CALC_POPULATION_YOY,population_yoy_growth_pct,2021,0.8183079794141124
Bangladesh,BGD,CALC_POPULATION_YOY,population_yoy_growth_pct,2022,1.0294970762474653
Bangladesh,BGD,CALC_POPULATION_YOY,population_yoy_growth_pct,2023,1.2292081743273675
Bangladesh,BGD,CALC_GDP_GROWTH_YOY,gdp_growth_yoy_growth_pct,2001,-4.080765480254522
Bangladesh,BGD,CALC_GDP_GROWTH_YOY,gdp_growth_yoy_growth_pct,2002,-24.50449709381569
Bangladesh,BGD,CALC_GDP_GROWTH_YOY,gdp_growth_yoy_growth_pct,2003,23.647642860048546
Bangladesh,BGD,CALC_GDP_GROWTH_YOY,gdp_growth_yoy_growth_pct,2004,10.548758325644926
Bangladesh,BGD,CALC_GDP_GROWTH_YOY,gdp_growth_yoy_growth_pct,2005,24.74289312904876
Bangladesh,BGD,CALC_GDP_GROWTH_YOY,gdp_growth_yoy_growth_pct,2006,2.080189602067817
Bangladesh,BGD,CALC_GDP_GROWTH_YOY,gdp_growth_yoy_growth_pct,2007,5.7958614452015444
Bangladesh,BGD,CALC_GDP_GROWTH_YOY,gdp_growth_yoy_growth_pct,2008,-14.801939374095063
Bangladesh,BGD,CALC_GDP_GROWTH_YOY,gdp_growth_yoy_growth_pct,2009,-16.10739645499567
Bangladesh,BGD,CALC_GDP_GROWTH_YOY,gdp_growth_yoy_growth_pct,2010,10.439055664630036
Bangladesh,BGD,CALC_GDP_GROWTH_YOY,gdp_growth_yoy_growth_pct,2011,16.01982900204235
Bangladesh,BGD,CALC_GDP_GROWTH_YOY,gdp_growth_yoy_growth_pct,2012,0.8829874143149175
Bangladesh,BGD,CALC_GDP_GROWTH_YOY,gdp_growth_yoy_growth_pct,2013,-7.78741594367397
Bangladesh,BGD,CALC_GDP_GROWTH_YOY,gdp_growth_yoy_growth_pct,2014,0.7891056248462425
Bangladesh,BGD,CALC_GDP_GROWTH_YOY,gdp_growth_yoy_growth_pct,2015,8.110471952312004
Bangladesh,BGD,CALC_GDP_GROWTH_YOY,gdp_growth_yoy_growth_pct,2016,8.558967759056468
Bangladesh,BGD,CALC_GDP_GROWTH_YOY,gdp_growth_yoy_growth_pct,2017,-7.355448335051474
Bangladesh,BGD,CALC_GDP_GROWTH_YOY,gdp_growth_yoy_growth_pct,2018,11.064263608036896
Bangladesh,BGD,CALC_GDP_GROWTH_YOY,gdp_growth_yoy_growth_pct,2019,7.685077334204027
Bangladesh,BGD,CALC_GDP_GROWTH_YOY,gdp_growth_yoy_growth_pct,2020,-56.254064080993516
Bangladesh,BGD,CALC_GDP_GROWTH_YOY,gdp_growth_yoy_growth_pct,2021,101.23676928385721
Bangladesh,BGD,CALC_GDP_GROWTH_YOY,gdp_growth_yoy_growth_pct,2022,2.3224831187232287
Bangladesh,BGD,CALC_GDP_GROWTH_YOY,gdp_growth_yoy_growth_pct,2023,-18.658427513027686
Bangladesh,BGD,CALC_ECON_DIV_IDX,economic_diversification_index,2000,0.5962243232558038
Bangladesh,BGD,CALC_ECON_DIV_IDX,economic_diversification_index,2001,0.5924835774362107
Bangladesh,BGD,CALC_ECON_DIV_IDX,economic_diversification_index,2002,0.5853748934376184
Bangladesh,BGD,CALC_ECON_DIV_IDX,economic_diversification_index,2003,0.5771563118992744
Bangladesh,BGD,CALC_ECON_DIV_IDX,economic_diversification_index,2004,0.5751281276925758
Bangladesh,BGD,CALC_ECON_DIV_IDX,economic_diversification_index,2005,0.5733239595262116
Bangladesh,BGD,CALC_ECON_DIV_IDX,economic_diversification_index,2006,0.5745176144490575
Bangladesh,BGD,CALC_ECON_DIV_IDX,economic_diversification_index,2007,0.5754177465044668
Bangladesh,BGD,CALC_ECON_DIV_IDX,economic_diversification_index,2008,0.5752295605781639
Bangladesh,BGD,CALC_ECON_DIV_IDX,economic_diversification_index,2009,0.5749828875056049
Bangladesh,BGD,CALC_ECON_DIV_IDX,economic_diversification_index,2010,0.5719220638691311
Bangladesh,BGD,CALC_ECON_DIV_IDX,economic_diversification_index,2011,0.5709349588628201
Bangladesh,BGD,CALC_ECON_DIV_IDX,economic_diversification_index,2012,0.5673982389685452
Bangladesh,BGD,CALC_ECON_DIV_IDX,economic_diversification_index,2013,0.5680696922141422
Bangladesh,BGD,CALC_ECON_DIV_IDX,economic_diversification_index,2014,0.5668812210966878
Bangladesh,BGD,CALC_ECON_DIV_IDX,economic_diversification_index,2015,0.5652659960878212
Bangladesh,BGD,CALC_ECON_DIV_IDX,economic_diversification_index,2016,0.5776923798777993
Bangladesh,BGD,CALC_ECON_DIV_IDX,economic_diversification_index,2017,0.5742634605496462
Bangladesh,BGD,CALC_ECON_DIV_IDX,economic_diversification_index,2018,0.5736976807306428
Bangladesh,BGD,CALC_ECON_DIV_IDX,economic_diversification_index,2019,0.5733337975769676
Bangladesh,BGD,CALC_ECON_DIV_IDX,economic_diversification_index,2020,0.5738066236558572
Bangladesh,BGD,CALC_ECON_DIV_IDX,economic_diversification_index,2021,0.5724096663345474
Bangladesh,BGD,CALC_ECON_DIV_IDX,economic_diversification_index,2022,0.5713719578434134
Bangladesh,BGD,CALC_ECON_DIV_IDX,economic_diversification_index,2023,0.5722573420802217
Bangladesh,BGD,TREND_AGRICULTURE_PCT_GDP,agriculture_pct_gdp_trend_coefficient,2023,-0.48376557148489274
Bangladesh,BGD,TREND_GDP_GROWTH,gdp_growth_trend_coefficient,2023,0.06532827923692165
Bangladesh,BGD,TREND_GDP_PER_CAPITA,gdp_per_capita_trend_coefficient,2023,55.055098012755245
Bangladesh,BGD,TREND_INDUSTRY_PCT_GDP,industry_pct_gdp_trend_coefficient,2023,0.5755199666351266
Bangladesh,BGD,TREND_POPULATION,population_trend_coefficient,2023,1518545.070000026
Bangladesh,BGD,TREND_UNEMPLOYMENT_RATE,unemployment_rate_trend_coefficient,2023,0.04701043478260889
Bangladesh,BGD,TREND_GDP_PER_CAPITA_YOY_GROWTH_PCT,gdp_per_capita_yoy_growth_pct_trend_coefficient,2023,0.09206963591055027
Bangladesh,BGD,TREND_POPULATION_YOY_GROWTH_PCT,population_yoy_growth_pct_trend_coefficient,2023,-0.02655530722595172
Bangladesh,BGD,TREND_GDP_GROWTH_YOY_GROWTH_PCT,gdp_growth_yoy_growth_pct_trend_coefficient,2023,0.2604035095117898
Bangladesh,BGD,TREND_ECONOMIC_DIVERSIFICATION_INDEX,economic_diversification_index_trend_coefficient,2023,-0.0006206940350129777
